filename,x,y
3562572.jpg,-2.2174964,15.761185
0338556.jpg,3.8712978,-4.020118
0071890.jpg,-16.192612,-0.16640486
1773741.jpg,17.921465,-7.3534684
0050143.jpg,8.510011,0.17898378
0457875.jpg,10.445338,-4.2546053
1272013.jpg,0.9527788,3.1513293
3705412.jpg,-6.407847,-7.6082306
0064624.jpg,-3.4575624,-5.9507313
0084701.jpg,2.7360203,4.64006
0850709.jpg,-12.175459,-0.77642757
0094384.jpg,-11.2562065,8.8221035
0054934.jpg,1.4737084,16.649796
6803390.jpg,-9.773564,3.9832623
0044513.jpg,-0.39109215,-6.82305
0155267.jpg,9.016075,-4.25065
0000313.jpg,19.041199,2.4047027
1181791.jpg,19.753714,-7.030737
0044828.jpg,-3.300167,14.630617
1034302.jpg,4.254258,-6.5704103
0041450.jpg,-14.081235,-2.177163
0183649.jpg,9.751521,3.6285505
0418004.jpg,-1.1890907,-15.69835
0416185.jpg,-10.490499,6.3798237
0057889.jpg,-6.807376,-7.205867
0881909.jpg,-1.0556334,14.573154
0953456.jpg,6.3713665,-10.181503
0837800.jpg,-13.324828,6.1711903
0062311.jpg,-7.1581755,0.5760439
0024747.jpg,-0.541569,-12.922403
5111874.jpg,3.3041434,3.7932067
0054698.jpg,-3.5091846,15.149274
0118694.jpg,6.3328633,-5.9577136
0143353.jpg,13.749507,-8.068645
0059504.jpg,-4.6516514,-4.7685385
2752772.jpg,10.068332,-8.791304
0057007.jpg,4.594607,0.6076502
6186362.jpg,7.1992297,10.223256
1535492.jpg,18.00035,-5.8117733
1149400.jpg,20.043148,-6.143598
0323298.jpg,-3.9878337,-4.0604143
0105188.jpg,-6.698531,-1.7740755
4078252.jpg,-3.8311937,15.397578
1695831.jpg,9.110618,-13.860959
4447108.jpg,-14.880083,-6.793709
0101609.jpg,1.0296862,4.557151
1563725.jpg,15.135086,-6.7735476
1185235.jpg,18.543865,-5.528669
0012397.jpg,-11.285878,6.6710167
0471042.jpg,13.564974,-1.8875302
1608777.jpg,3.5872483,-4.0148687
1998393.jpg,-5.2290373,12.605544
0328300.jpg,-4.7782865,-7.51614
1587854.jpg,-4.457473,13.048137
1371585.jpg,19.440279,-4.590298
0050099.jpg,-8.986939,12.547569
0032610.jpg,-6.518049,6.6347604
0440270.jpg,5.2321963,9.203872
1453405.jpg,-7.3105083,-10.990427
0145681.jpg,21.819422,-4.5466027
0041094.jpg,-1.9030691,15.393023
2249221.jpg,-7.0188794,-5.2455945
0166204.jpg,-13.383301,10.926423
0086525.jpg,2.8183928,4.3824663
0064860.jpg,-5.829492,-3.3975499
0054903.jpg,-13.522428,1.8035878
0038071.jpg,-9.281536,-7.151953
0362449.jpg,-3.9040532,-7.1198463
2357770.jpg,-16.588585,6.2147913
0070468.jpg,-4.6457415,-5.998831
0056063.jpg,-8.906774,-4.072423
3839880.jpg,0.55430305,-7.46313
0091820.jpg,-11.396207,-1.7916924
0061180.jpg,-1.3194047,-13.267668
0087336.jpg,5.90273,-1.6221669
0929441.jpg,3.0814564,4.331099
3407428.jpg,4.4504356,7.3093276
0344273.jpg,-5.297241,-9.236991
0102574.jpg,-10.755598,-3.6042688
0081746.jpg,3.8501768,-7.285217
0061643.jpg,9.463004,-6.436143
5269560.jpg,-4.6817017,-5.638624
6159734.jpg,-14.965946,10.990788
0790712.jpg,-6.467405,-4.3540735
0063568.jpg,-3.9421973,16.845535
0248271.jpg,2.0488164,6.041234
0116502.jpg,-11.371396,0.73062813
1932695.jpg,2.4389231,3.1695206
0032311.jpg,-8.689222,-10.44241
6452332.jpg,7.1637506,7.8972907
0087050.jpg,-8.730011,6.3996935
0023196.jpg,-7.157705,-1.4757316
0116282.jpg,-8.621358,-6.690582
0396630.jpg,-5.9255075,-5.388514
2204080.jpg,-3.5391884,-6.826158
0118966.jpg,3.1977055,-1.9399595
1690140.jpg,-3.8591142,-4.5514426
0060438.jpg,-5.297676,-4.2698674
0211941.jpg,-9.57878,6.5039515
0130444.jpg,21.109713,-4.895976
0062310.jpg,-3.69231,15.716796
0069273.jpg,-10.566181,-5.9927053
0361715.jpg,-11.651342,6.82687
0088200.jpg,16.373945,-5.604644
4848010.jpg,-3.6091058,-15.050232
0044796.jpg,-6.3614206,15.30046
6782708.jpg,-0.44717276,-6.1843524
0049173.jpg,11.575963,-7.6868773
0208903.jpg,-7.1512766,-7.0059004
6290024.jpg,9.488128,-7.7768207
0292963.jpg,-4.8817625,-5.5871444
0117959.jpg,14.384087,5.437903
8621562.jpg,-1.1614374,17.676153
0050128.jpg,0.33951157,16.649813
0033998.jpg,-14.886927,12.0250635
0034092.jpg,-6.777172,12.727781
1954780.jpg,-5.294222,-11.498802
0029864.jpg,15.082707,5.4414425
0313532.jpg,15.09929,-2.9997118
1429433.jpg,-1.437677,-5.037185
2870756.jpg,-3.2482803,17.003357
1107828.jpg,-11.996363,-0.91604245
0181012.jpg,12.079234,3.5777678
0063051.jpg,-3.1841574,-4.068139
0309121.jpg,3.4359362,-11.74433
0977642.jpg,16.510355,-6.3748555
0073213.jpg,-14.926393,10.743011
0060268.jpg,0.8363662,-3.0005405
0054407.jpg,10.3843775,-8.539311
1404661.jpg,1.6827826,-8.072693
0016690.jpg,-15.249946,6.9249134
0227866.jpg,-5.9823203,4.191091
7308198.jpg,6.013746,-10.864306
0091682.jpg,-3.1168008,16.334343
0049110.jpg,19.042591,-6.9655066
0351867.jpg,17.32154,-6.990321
0042033.jpg,-15.831528,1.7351336
0134273.jpg,5.2281647,9.692824
0373883.jpg,19.588959,-4.251924
0284320.jpg,-9.021754,-6.5832157
0026941.jpg,-10.254289,11.760942
0248661.jpg,13.091416,6.108357
0021664.jpg,8.73489,-9.759739
0052950.jpg,-14.433883,10.497352
0436689.jpg,-3.912984,-5.3663616
0343112.jpg,19.054209,2.397684
0126004.jpg,13.92366,-6.8673735
0034846.jpg,-6.8015475,14.006508
0028665.jpg,0.48206744,-3.2148561
0071615.jpg,-1.4245293,15.394875
2614722.jpg,18.405766,-5.5686235
0071396.jpg,-1.0775489,-3.0943108
0068281.jpg,-9.830524,6.1388855
0084735.jpg,-9.618582,6.183756
1727506.jpg,-2.6231558,-9.466851
1686027.jpg,11.523383,-6.5647664
0083851.jpg,-2.1604426,16.710642
0423455.jpg,-3.8296154,-10.751747
3653518.jpg,18.870398,-6.3028564
0435995.jpg,7.0472775,10.453431
0040202.jpg,-12.895531,-5.6648717
0199554.jpg,14.795913,4.5236425
1327820.jpg,17.014715,-5.0553865
0033704.jpg,-13.733309,-3.8551872
0050298.jpg,-17.552725,2.6528533
1663680.jpg,-6.5182037,-13.486085
0086037.jpg,-2.8714874,16.41252
0068341.jpg,-3.2574184,15.316513
8443704.jpg,-3.0986705,7.2401595
0294594.jpg,-5.188855,-5.6432166
2945796.jpg,-2.6346393,-2.9983373
0200529.jpg,-0.9107451,15.021765
4086024.jpg,9.339945,-5.252184
0013501.jpg,-8.9955435,-7.6717453
5616294.jpg,11.006509,-7.6409616
0099327.jpg,7.3631973,2.6974666
0212292.jpg,5.6103983,-5.8879647
2967008.jpg,5.3798985,9.319869
0101482.jpg,18.702105,-2.4865205
4653586.jpg,-3.1032708,7.860218
3043386.jpg,-10.848121,0.70831925
0031054.jpg,-9.100866,12.382727
1196338.jpg,-5.8451424,-5.97206
2519468.jpg,10.3445215,-4.032019
0015119.jpg,-11.331284,-7.5534353
0066499.jpg,-3.2339718,15.331919
0099901.jpg,14.63318,5.5697727
0960721.jpg,-1.6579854,7.340672
0046672.jpg,-7.2599773,16.61524
4438848.jpg,-3.1689906,-11.930271
7250056.jpg,3.0683084,3.9633188
1356928.jpg,-4.5938687,-10.243281
2004216.jpg,-4.971023,-5.6519575
0386060.jpg,5.4029126,3.2764058
0067647.jpg,-4.3656144,16.224178
0028031.jpg,-7.6132717,-6.0962086
0085748.jpg,-1.0073359,-12.899209
0054870.jpg,-10.767939,-1.2416505
5437138.jpg,3.8525662,-7.170901
0156205.jpg,6.080189,8.9811735
3958014.jpg,8.401457,-6.016584
0120786.jpg,5.0801554,-11.392467
0067227.jpg,-1.9901332,12.865723
0062964.jpg,12.314092,-5.4650807
5794766.jpg,0.2063064,-13.10513
0163983.jpg,10.594949,5.7316127
0479651.jpg,16.289606,-8.422724
0043495.jpg,0.6328852,7.1522064
0115820.jpg,5.896506,10.045581
0210843.jpg,7.5193763,-5.6623836
0160210.jpg,9.180411,-8.769826
1791682.jpg,-4.63584,-6.8370914
3759430.jpg,12.450889,-7.4376087
3479208.jpg,11.866194,-9.063093
0079687.jpg,-0.076809786,-7.235675
0180052.jpg,18.743256,-3.9866896
9260980.jpg,-7.8246636,9.391468
0069825.jpg,-2.6386616,17.13587
2101314.jpg,13.634442,1.4144509
0140379.jpg,11.479717,-12.306209
6751668.jpg,3.4887137,3.9288523
4949254.jpg,-2.1491234,6.9495535
0075717.jpg,-7.6616364,-4.4444213
3849938.jpg,-12.08842,2.3984823
5576174.jpg,-3.2259877,-8.431609
0405469.jpg,-7.849977,-10.061645
0075190.jpg,-2.7764337,14.983322
0082933.jpg,11.866594,-13.240461
0185691.jpg,-5.9988627,-2.171048
0069937.jpg,4.758602,-0.7880248
3333870.jpg,14.372699,-7.4112377
0098216.jpg,-7.991925,3.4519792
0071338.jpg,-4.334701,-0.31200582
7666724.jpg,5.999883,-4.2284303
0078187.jpg,-5.7158356,-4.1748033
0037263.jpg,-10.827115,-5.821913
0119115.jpg,-2.8092308,16.118715
3262022.jpg,-5.18647,-6.6702347
0056638.jpg,-8.887709,5.671472
0101507.jpg,15.714927,4.767135
3859310.jpg,5.648978,9.814896
1779076.jpg,3.7797024,-11.90181
5597408.jpg,-5.050296,-6.3808093
0064276.jpg,-15.154358,9.998591
0109729.jpg,-15.252765,10.992115
0099450.jpg,-3.10597,15.59797
0079450.jpg,12.741593,-12.609377
2113685.jpg,15.412663,6.6935787
0040512.jpg,-13.360737,-9.224495
0107131.jpg,2.8439667,4.3128686
6333088.jpg,-2.826162,-9.8366585
2545428.jpg,-2.423356,-1.6783295
0259419.jpg,-14.094854,4.324482
0223530.jpg,13.796531,4.1531687
0073713.jpg,-9.910576,-5.591326
0039189.jpg,8.660819,0.15203238
0107157.jpg,17.161741,-5.3621287
3231010.jpg,11.011397,-5.0361786
0312017.jpg,7.6089787,-8.947046
2051818.jpg,-13.994005,-3.7761867
1178621.jpg,8.683266,-0.19332418
3717532.jpg,-3.9566941,-9.538863
0032414.jpg,-5.532235,15.934187
3496334.jpg,-3.5488749,7.419632
7275840.jpg,-12.32632,2.7147298
0034546.jpg,-6.545966,-4.6676345
0081554.jpg,11.19804,-7.0437145
0474427.jpg,-1.413038,8.601328
0218886.jpg,3.5994818,6.059085
0300902.jpg,19.142117,-4.2183003
1371711.jpg,-5.617975,3.6141076
0057247.jpg,-2.2471035,11.145072
4950110.jpg,-3.8672023,-3.350146
3893620.jpg,9.386229,-8.66693
0155197.jpg,12.995683,-6.895598
0013372.jpg,-11.569988,4.241694
0455940.jpg,-11.237118,5.5827127
0084637.jpg,-13.436122,-0.26511076
0080040.jpg,3.1151006,-6.04424
0475532.jpg,16.409832,-4.6602907
0784972.jpg,-9.563775,1.5158533
7269700.jpg,-3.08777,-6.019716
0111549.jpg,-13.834423,2.3853025
0903849.jpg,9.888581,-7.221075
0044060.jpg,-17.164467,6.347164
1059786.jpg,4.470702,3.7383714
0051649.jpg,-5.532967,-5.0208817
0892074.jpg,18.819578,-6.3259845
0076391.jpg,-12.934786,2.8070953
3766382.jpg,-8.0717535,-4.434288
0083307.jpg,4.45208,-12.2551155
6997574.jpg,-1.7059951,-6.0998545
1791611.jpg,-12.400701,-3.1921787
2250426.jpg,-0.37589929,-10.057345
1176931.jpg,-3.8871143,14.426411
4206464.jpg,7.005601,-7.181199
4012424.jpg,-3.2129276,-0.8993425
0065138.jpg,-3.2929194,15.249291
0063050.jpg,-4.59598,16.504114
0044931.jpg,-6.5548763,3.8462486
1358383.jpg,5.464435,5.5562806
3387266.jpg,-12.303922,2.1585448
0020446.jpg,-1.7330327,-7.6424303
2073128.jpg,4.4906683,7.402192
10675136.jpg,12.619821,4.2260704
0087414.jpg,-1.4360936,12.429743
0064616.jpg,-5.972942,14.901201
1087461.jpg,11.275308,-6.474421
0337579.jpg,8.899387,-7.6559243
3344694.jpg,5.939864,4.1420627
3082854.jpg,-2.037929,15.933829
0114669.jpg,-7.9577656,-7.753657
0106241.jpg,13.056497,-13.255374
3605164.jpg,0.76337063,-11.228485
0067896.jpg,-4.7251277,-4.0231657
0796302.jpg,-7.1691647,-4.084561
0057490.jpg,13.524692,-7.1680994
1103963.jpg,13.742393,-5.2782454
1340765.jpg,-0.29566947,-5.7747207
0047508.jpg,-8.883298,12.934554
2776074.jpg,-1.8471969,-2.5024118
0166408.jpg,0.38440576,0.19815025
0443295.jpg,2.8315475,4.204294
2355462.jpg,17.133045,0.23961449
0424272.jpg,13.702818,1.3885052
0173906.jpg,-0.40680334,7.1890197
0106450.jpg,-1.1927863,6.977422
0097379.jpg,-5.598026,16.818312
0327890.jpg,5.294633,0.19749615
2936174.jpg,10.630903,-9.002891
0095483.jpg,2.7481434,12.490601
0042219.jpg,-6.1786523,0.45850345
0060594.jpg,-3.8819513,-5.742629
0160498.jpg,-2.7489498,12.820773
2660888.jpg,2.7594419,7.394938
0343594.jpg,-13.178169,2.9897609
0046711.jpg,-6.441868,-7.0773363
0119257.jpg,1.6995121,1.0673218
1326733.jpg,2.0721114,8.963966
0061320.jpg,-7.7400317,0.43921155
0036009.jpg,-12.346223,-8.110297
5342650.jpg,6.0172853,11.481054
0135674.jpg,-10.795073,2.6611714
0212235.jpg,11.272266,6.248124
3983738.jpg,2.3655636,5.3908496
0074157.jpg,15.743326,-6.7247605
0455958.jpg,12.4655905,-12.902554
7879350.jpg,-3.2810473,19.102964
0113369.jpg,13.9084015,-5.500245
5058340.jpg,11.957106,5.1809945
1815782.jpg,17.155302,-7.5787683
0098251.jpg,11.720188,-9.968023
0036275.jpg,-7.5399675,-3.0807133
1414840.jpg,-2.1328604,7.0924
0096156.jpg,-5.4335647,-7.468742
2084773.jpg,-1.8968881,-8.051025
0117688.jpg,-2.585293,-6.164976
0061402.jpg,-8.06965,-6.731442
0453414.jpg,-13.635486,9.881963
1110272.jpg,2.2537367,18.478758
5112054.jpg,1.8915392,-9.974489
0022418.jpg,0.5245074,18.151821
3592704.jpg,5.034024,-9.81479
0100705.jpg,-1.0588074,13.757977
1406175.jpg,-4.4186897,-11.393845
4000870.jpg,-1.4015934,17.336561
0026799.jpg,-14.405155,2.6764903
0062974.jpg,-4.70042,11.754251
0101414.jpg,1.9391857,-0.83502984
0069446.jpg,-5.341827,18.033117
0913951.jpg,15.046626,-4.9727297
3212002.jpg,9.426481,-1.2447876
4815122.jpg,-9.3261,-11.648717
8420442.jpg,-9.096771,8.155827
0203635.jpg,13.859416,1.9029506
0072648.jpg,8.601634,0.21226355
0108172.jpg,-12.444722,-11.431994
0310024.jpg,-4.449945,-4.8299947
0316318.jpg,10.7947855,-7.4867945
5335394.jpg,-10.980418,5.652356
6484954.jpg,8.97099,0.19352314
5082014.jpg,-6.387842,-3.337122
0349776.jpg,13.762077,-9.130029
0455142.jpg,-14.659022,10.031176
0028390.jpg,4.117469,-11.517705
1837574.jpg,14.62861,6.0947556
0095802.jpg,0.04357524,2.5939748
0160835.jpg,0.8788035,-5.4325247
4552536.jpg,11.630351,-7.109104
0404031.jpg,19.908083,-4.3702025
5113086.jpg,12.406285,-3.3882902
3550748.jpg,-4.4656568,-13.021685
3096778.jpg,17.52397,-6.3480616
2415372.jpg,-6.1971354,-9.304632
0119577.jpg,0.5178711,-2.451085
0058949.jpg,-4.348132,13.812657
8200998.jpg,-3.9451158,7.18129
0033858.jpg,-17.404716,6.4179792
0792965.jpg,17.200357,-6.6605935
0122444.jpg,3.6369221,-4.014069
2132486.jpg,-1.6424707,3.6528063
0252335.jpg,10.11836,-6.209477
0057267.jpg,11.031254,-7.461389
0365957.jpg,13.084147,0.64328
1193126.jpg,6.604179,-13.898054
0039040.jpg,-12.8390255,-0.82190144
1793224.jpg,-5.0280046,-5.100818
1502420.jpg,-9.537592,5.264532
2375589.jpg,-12.221999,3.5804899
1327702.jpg,4.291761,0.34959245
0064665.jpg,-0.9130393,-1.5979925
0062886.jpg,-6.2754593,0.5431372
0020563.jpg,-2.0825734,-7.0950594
0229328.jpg,10.585647,-6.3371224
0060311.jpg,-3.3467982,13.578105
0068538.jpg,-7.5380983,1.0083138
0827713.jpg,-0.72034895,16.090956
1954688.jpg,11.209984,-1.7969261
5434972.jpg,-8.472937,7.0798798
1672091.jpg,-7.120128,-6.3765526
0107962.jpg,-8.940706,4.7226624
4555426.jpg,8.757996,0.053988088
3767278.jpg,7.4444013,10.4925785
0044391.jpg,-8.5087,-0.659808
0302739.jpg,-5.6570888,3.8526022
0430063.jpg,12.37171,-7.9807453
0110201.jpg,20.899698,-7.297108
0257954.jpg,-3.1268983,-5.2153974
0013367.jpg,1.8292316,8.457734
0072976.jpg,1.6377196,-9.853917
1048171.jpg,9.862719,-9.856223
8173728.jpg,8.907583,-15.777039
4975280.jpg,10.901279,-6.050566
0034224.jpg,-4.6965027,17.341303
0090564.jpg,-4.120841,-8.063367
0055922.jpg,-9.215288,12.229725
0088075.jpg,-9.965258,-4.301798
0437325.jpg,12.128751,-4.7530007
1242599.jpg,-12.789287,12.415503
8329290.jpg,-8.753908,6.449385
0239949.jpg,1.2662953,7.9580226
0112665.jpg,0.83886206,4.341052
4000936.jpg,-0.8862035,17.329
0109384.jpg,0.6016344,7.167663
0114122.jpg,12.970964,-5.072334
4543744.jpg,-3.532132,-5.5153565
0039011.jpg,-6.008467,14.840112
1895536.jpg,7.3909936,9.046065
0038518.jpg,-5.064926,15.869369
0167423.jpg,-4.892114,-13.534052
0081332.jpg,7.1213846,7.8875527
0089538.jpg,-0.61353576,4.865219
0075265.jpg,-11.09317,-1.4725974
0407617.jpg,-5.2860465,-5.2124434
4919484.jpg,-1.1777432,-9.895022
0419724.jpg,-10.430644,-12.722769
0445570.jpg,-14.127298,7.956267
1609132.jpg,17.094872,-11.91629
1926313.jpg,-0.80111307,5.8304434
6756498.jpg,13.197343,-0.90308183
5462892.jpg,-11.226137,-2.8425
3364242.jpg,-8.690933,14.722369
0160356.jpg,2.7787452,1.3207685
0099677.jpg,10.681664,-10.548227
2018086.jpg,11.324666,-9.965345
5079452.jpg,-6.2414923,-10.68325
0377309.jpg,18.582052,-5.7770643
0264150.jpg,1.8406578,4.485189
7042862.jpg,15.739315,-2.8624291
0068369.jpg,5.32989,3.2636738
0066104.jpg,10.321796,8.071708
0088247.jpg,12.6134815,-5.9030447
0062787.jpg,-6.0857816,-5.9215426
2120025.jpg,-12.910282,0.8988288
2066922.jpg,-2.9647183,-7.0596504
0077383.jpg,3.0160747,3.898329
0067985.jpg,-9.929701,-5.5902457
3053694.jpg,2.3174083,3.348825
0075079.jpg,-1.3497093,17.801569
0114660.jpg,12.893733,-4.174453
0075278.jpg,-3.1121035,16.067272
1620933.jpg,-2.8585594,-12.06841
0097419.jpg,-16.906559,6.5338297
0069449.jpg,-13.853091,11.602111
0084388.jpg,-3.66045,-8.801895
0072144.jpg,6.052261,-11.972212
0893382.jpg,10.898984,5.332287
0982893.jpg,-8.986715,2.1131184
2871256.jpg,14.714257,6.0930085
0321440.jpg,-10.239399,5.5896425
1720254.jpg,2.8313007,-4.1991687
0203540.jpg,4.1499944,4.9457054
0072707.jpg,0.39806598,-6.604498
2698140.jpg,9.879924,-8.319778
0065688.jpg,16.841318,-2.5462036
0069698.jpg,-10.4635,-7.688261
7692824.jpg,-4.8433957,-13.308817
1491044.jpg,16.806177,-7.0497236
6023444.jpg,-9.883818,6.7420325
0298515.jpg,15.279156,5.795301
1183672.jpg,-10.083138,-0.54123455
6603378.jpg,3.6106522,-12.658909
0067429.jpg,-0.15108676,-0.35611185
4800070.jpg,14.601479,7.034029
0081303.jpg,4.654399,1.6898153
0242527.jpg,14.459418,5.252841
0097458.jpg,-3.327552,15.759653
0047053.jpg,-15.134524,1.7563671
0116749.jpg,-10.328337,11.061741
0061782.jpg,-6.0101795,-6.3590903
0066461.jpg,-9.70013,-9.9809675
0165942.jpg,-0.6943525,11.153479
0171851.jpg,6.405839,-4.425414
1300155.jpg,-14.862837,11.151013
7424396.jpg,4.0786886,4.2864704
1468703.jpg,13.04819,-8.216781
0248912.jpg,-2.9965196,15.667369
0082356.jpg,11.357486,-13.264375
3299704.jpg,-6.133976,-8.587635
4846220.jpg,15.00518,-10.005887
1496868.jpg,-11.874405,-4.361387
0040870.jpg,-1.767877,14.87357
0238948.jpg,3.6516647,-14.889239
0073714.jpg,-12.378623,-3.3699396
1236182.jpg,10.069842,-5.059012
0095016.jpg,10.725878,-7.693758
0144142.jpg,6.019318,-1.7023094
1262415.jpg,13.025953,-7.7449527
4765708.jpg,8.615217,6.3432603
1284587.jpg,7.785655,-8.039129
2393845.jpg,-6.7450156,18.37619
0103262.jpg,-12.042969,-1.0497316
5153260.jpg,-13.576012,6.081391
1612793.jpg,-7.784341,6.4332952
7442160.jpg,3.8219752,-4.1002417
0123360.jpg,9.249481,-15.240613
0041699.jpg,-2.8788998,-7.7410803
2910814.jpg,4.2971215,4.52292
0034919.jpg,6.26161,-7.925677
0050783.jpg,5.5467615,-1.3428639
1542971.jpg,3.3009872,-11.682859
1604670.jpg,11.078877,-6.7015405
6642264.jpg,-7.980794,-12.072552
3132738.jpg,8.068027,6.358715
0086425.jpg,9.726873,-7.468025
0036931.jpg,-18.061731,6.7090836
0082235.jpg,9.695465,9.2124195
3169706.jpg,2.8794558,-1.9125153
1138457.jpg,15.085659,-8.379681
0046097.jpg,0.29163575,5.778111
0071256.jpg,-5.639375,0.7297788
0031103.jpg,-6.7749043,-5.6697974
1910615.jpg,4.938803,6.497626
0115632.jpg,-10.780204,2.6562307
0110222.jpg,-3.7763104,10.92589
0060511.jpg,-0.0021793735,14.154208
0268978.jpg,-2.5612168,0.9255737
0088940.jpg,-11.844773,6.55886
0033613.jpg,-12.683021,2.2524831
2082232.jpg,8.680518,-13.144605
1728239.jpg,-17.477545,5.1545415
0806147.jpg,-5.016671,-3.7385309
0256106.jpg,3.9543738,-7.190658
0282209.jpg,14.807331,-5.704683
1385956.jpg,11.467029,-6.9980564
1277736.jpg,-4.3949127,19.880672
0104613.jpg,14.777967,4.520074
2955096.jpg,-3.6490119,-10.892428
0084886.jpg,-13.424187,3.2670066
1204883.jpg,14.309025,-6.089514
1235842.jpg,-13.127756,-1.3835697
1160015.jpg,-9.547904,6.519663
1242423.jpg,0.69489866,15.242627
5734214.jpg,-10.306708,-2.4076657
0176538.jpg,9.304667,-14.983656
0037610.jpg,-5.210581,-2.370927
0064649.jpg,-4.079105,0.76037514
0091621.jpg,-3.528457,7.9863224
5639354.jpg,-13.80455,3.177259
5740242.jpg,-1.8071576,-6.9760923
0074356.jpg,10.13962,5.6867223
3825638.jpg,11.250526,10.859561
0298737.jpg,-10.515247,10.830664
0081036.jpg,6.6349382,4.967388
7365604.jpg,-3.5532384,7.387793
1409611.jpg,-15.989455,4.197833
6817202.jpg,8.3849125,-8.950036
0091975.jpg,-7.6048813,15.428846
5876318.jpg,-13.717411,1.2611047
0159432.jpg,-12.8489685,3.3930883
1479668.jpg,1.7089816,2.869
0064924.jpg,-2.7147193,-5.8903966
0063752.jpg,0.86974984,-4.1468453
8101766.jpg,-5.3573728,3.3715355
5271906.jpg,7.0274363,8.058808
0066258.jpg,-3.4081087,16.636448
0035521.jpg,-8.445178,2.6916347
0426499.jpg,7.1087847,7.753364
0037800.jpg,-7.147646,-3.3613524
0044521.jpg,8.2712345,-9.634631
0170223.jpg,-4.282877,1.1315328
0029557.jpg,10.055595,-8.3436575
0025028.jpg,-4.2754645,14.50974
1468322.jpg,2.260652,4.8532095
0037614.jpg,0.6670488,-2.775402
0032356.jpg,-5.463863,-6.686375
4795680.jpg,3.6476684,-7.136341
0024816.jpg,-0.47482294,19.302889
2468826.jpg,6.037833,-10.399018
4481066.jpg,-5.1785593,3.16486
0075989.jpg,-6.997289,-2.288571
0099374.jpg,14.602524,5.135875
4394034.jpg,5.711018,2.7684958
7578566.jpg,-0.15159492,5.292296
0390067.jpg,11.196711,-8.682134
0299873.jpg,16.756577,-2.4931042
0105719.jpg,3.001461,-7.0316553
1625075.jpg,9.131892,-9.2468195
0329330.jpg,-8.514082,-5.5743594
0052278.jpg,-5.5877576,-3.0294552
1555209.jpg,3.4055386,-7.947456
3683702.jpg,-14.839235,12.967706
5357902.jpg,4.4939404,0.7920991
0137927.jpg,7.575941,0.62889147
3985604.jpg,-5.770429,-6.0330997
5721654.jpg,-4.2475533,-6.104219
5178596.jpg,-7.1220994,-4.832566
0069996.jpg,-6.826127,-0.83986
6704898.jpg,-4.9984474,-5.629306
2382009.jpg,-5.0137477,-5.6457763
0253754.jpg,15.681412,-13.053927
4626160.jpg,-3.4540823,-6.4680696
0144528.jpg,-2.0525868,-9.52839
0123987.jpg,-17.195368,6.5160685
0075364.jpg,-11.505576,-4.1185784
1702443.jpg,-0.12376437,-8.465022
0011984.jpg,-3.0079663,15.284884
0829251.jpg,12.908582,-9.731818
6856592.jpg,16.481455,-9.208086
0381429.jpg,-3.4267254,18.079699
0098573.jpg,12.065205,-8.376983
0383053.jpg,-4.4780636,12.949857
0113538.jpg,20.329792,-5.0635114
6290202.jpg,7.085891,-11.393123
0032406.jpg,-17.773869,2.6159587
0060083.jpg,-13.03488,-6.9475455
2149360.jpg,-2.1064773,-4.786537
3414954.jpg,-8.616477,-8.326109
1327788.jpg,9.9628,-2.519487
0120311.jpg,2.1977131,-11.508772
0070743.jpg,-8.43518,2.6133087
3276632.jpg,-6.6613503,-8.136524
4998772.jpg,14.898045,-6.8507767
1821427.jpg,-8.464774,-13.587042
6417144.jpg,19.109362,2.2472575
0067771.jpg,-2.7108147,-3.7845645
6547170.jpg,-5.397932,-7.3043823
1289430.jpg,3.3681831,2.526406
5516464.jpg,-5.4963346,-10.110443
0044939.jpg,-8.180099,-3.1627748
0080448.jpg,8.450497,-3.795806
0356614.jpg,8.19195,-10.705902
3400286.jpg,-1.0099132,8.958517
0108234.jpg,12.172274,-12.831724
0048545.jpg,1.5658183,13.686027
0117883.jpg,10.781033,-5.19242
0290747.jpg,13.386474,-8.893942
0120363.jpg,2.9612143,3.556355
0068802.jpg,-6.469015,-11.863967
0053610.jpg,-15.233796,9.452387
1183696.jpg,19.804934,-2.4782028
0105306.jpg,-6.319579,11.038549
0046183.jpg,-3.566709,15.07629
2327239.jpg,-0.31458366,-12.511432
0027228.jpg,-6.562027,14.061111
0040861.jpg,-4.6542597,14.753813
0030070.jpg,-4.643497,14.655087
3320578.jpg,-9.387011,-2.0778754
0029231.jpg,-8.3333,-9.142537
1426357.jpg,7.9458003,10.646336
0048346.jpg,3.9417922,3.120951
0087921.jpg,-2.8054898,-4.61826
0058018.jpg,-6.9585185,0.13956442
0330795.jpg,10.715685,1.7498187
0095488.jpg,-9.087528,8.172604
0000091.jpg,11.035822,-7.0575175
0233699.jpg,-7.9116974,-5.201586
0084476.jpg,10.511344,4.5316887
0166896.jpg,11.540296,-0.40206516
0158622.jpg,-14.302142,4.120895
5998104.jpg,2.6443722,2.6452076
0091464.jpg,0.35112378,12.704889
1132620.jpg,11.782262,-5.7700152
6462506.jpg,-5.514015,-5.59932
0045531.jpg,-2.2803411,3.592516
3310896.jpg,-0.12200717,-0.23560612
6890582.jpg,10.495922,2.7261152
4568328.jpg,-0.2672565,-4.461837
1821374.jpg,19.418121,-4.6643004
0289605.jpg,-0.6641304,-13.029615
0028616.jpg,-4.9197206,14.05175
2210842.jpg,-11.537153,3.5495398
2235515.jpg,7.5486484,11.532297
0117262.jpg,10.798041,-7.0665216
1155705.jpg,-16.385235,10.386099
0021571.jpg,-4.11779,17.698801
0379375.jpg,2.827719,14.63435
2214941.jpg,6.483506,-4.241999
0093737.jpg,-0.78261745,-6.013561
0038422.jpg,-15.974435,11.9496155
0090223.jpg,-3.2325063,13.444083
0092264.jpg,-7.176632,1.5468765
0242952.jpg,0.78387505,-7.5717235
2308860.jpg,11.698707,-8.638448
0188082.jpg,-7.1128116,-7.66006
0026023.jpg,-10.761145,5.6380105
4146132.jpg,-6.814549,-9.82047
0046945.jpg,-3.501282,12.278861
0081246.jpg,-4.8830853,-3.0974338
0009018.jpg,-4.389753,15.610572
4547948.jpg,11.25205,10.809159
0041796.jpg,-3.7613914,12.963616
0097870.jpg,-14.531031,-0.8593874
0066817.jpg,-1.88867,13.885306
1556190.jpg,6.2289996,8.612773
0034389.jpg,-4.680568,-6.1324897
3273434.jpg,-3.0102725,-0.587644
8549254.jpg,18.987865,2.3120725
4972582.jpg,10.613266,2.2235894
0052896.jpg,-14.389434,11.260198
4480940.jpg,-8.204598,-3.9269168
0853153.jpg,-0.9430974,-10.376073
1381404.jpg,-1.4626635,-0.2955473
6546808.jpg,6.3536525,-2.0993145
1345782.jpg,-1.3595297,16.278204
0051886.jpg,-14.76083,11.204598
0069528.jpg,-9.38208,11.362757
1242881.jpg,-4.5767913,18.72046
5653514.jpg,-6.9592648,-1.6353923
0988108.jpg,18.069096,-4.231667
0339785.jpg,12.306805,-2.860483
0031169.jpg,-12.175699,-0.5808164
0290002.jpg,-5.466665,-5.6424093
0041162.jpg,-8.226236,12.038471
5994792.jpg,-5.6362205,4.092779
5936492.jpg,10.242082,5.4792247
4008864.jpg,11.619326,-10.8175535
4026562.jpg,-9.356876,7.1710467
0071910.jpg,-11.259352,0.5314445
1389072.jpg,-4.959461,-5.5920386
0250617.jpg,-0.13011387,-13.423879
0098261.jpg,-4.1996217,-1.1639545
0048001.jpg,-3.5377586,7.343449
0119592.jpg,14.605858,5.0256987
0017825.jpg,2.6788638,-12.728253
0216625.jpg,1.7936755,-14.672963
0876294.jpg,-5.2470417,-8.630184
1130088.jpg,-1.5470589,8.476523
1458175.jpg,-5.8167667,-3.8984206
8311792.jpg,-1.9106218,-3.9912088
0084096.jpg,-5.4219923,2.6991138
1721672.jpg,-6.1137476,-5.183489
0052997.jpg,-4.947617,-5.638447
0103634.jpg,-15.144075,-6.577744
0025227.jpg,-0.24023317,-7.958401
1437366.jpg,9.375141,-7.2208323
0229340.jpg,11.984073,-6.2779975
0054758.jpg,-5.273794,15.1244545
0094632.jpg,14.148244,9.810078
0032762.jpg,-10.637732,-1.8278719
3621968.jpg,-17.529972,7.580807
4482938.jpg,-1.2407528,-8.29039
0085475.jpg,-5.976473,11.13249
6678874.jpg,8.476764,-2.0183587
0038663.jpg,-2.8049657,6.0186415
0082516.jpg,-2.5320337,13.586492
0017743.jpg,-12.395732,9.36407
0030063.jpg,-15.689456,11.0554285
0138946.jpg,12.292608,-6.729219
0413895.jpg,7.9332075,-7.075995
4040888.jpg,6.9790096,-10.386905
0120338.jpg,9.665368,-12.1346
0023374.jpg,-7.554449,-8.388569
0212573.jpg,-2.9167771,2.1597385
3433632.jpg,-1.0191569,-7.089697
1303782.jpg,12.581628,-8.9472
4076760.jpg,-9.234179,5.877729
0058377.jpg,-6.253716,17.164022
0241663.jpg,-4.781038,-8.076632
0080625.jpg,10.33016,-6.6414795
0071389.jpg,-14.913627,11.006531
0040076.jpg,-4.4621477,-1.9227747
0342275.jpg,-9.730285,6.0509305
0029706.jpg,-8.450799,-0.73965275
0076051.jpg,2.8971167,6.3437757
0116393.jpg,-2.491138,-5.3529634
10122392.jpg,-9.931747,6.159141
1712502.jpg,11.840212,-7.8981495
1413496.jpg,9.557533,6.78222
5705966.jpg,7.6422515,10.351634
0180837.jpg,-2.997421,-2.5271273
0331508.jpg,18.775305,-7.3041024
0056969.jpg,-3.6056736,14.063983
0035379.jpg,-17.536255,6.860819
5928396.jpg,5.696968,-11.213389
0045659.jpg,-2.7751908,14.19688
0385751.jpg,13.843063,1.4472692
6427854.jpg,10.318094,8.276824
0037843.jpg,-4.370412,15.218393
0175809.jpg,-8.388832,4.9487734
0272022.jpg,-7.6542807,-1.6775185
0070910.jpg,-10.715152,-10.862053
0800228.jpg,-10.003852,-6.9056263
0066585.jpg,7.202397,2.8264623
1422020.jpg,10.202991,-7.052981
0043361.jpg,-0.6564484,-0.47117668
0383574.jpg,21.733778,-2.6389046
1345525.jpg,8.9401245,-6.7311225
0316653.jpg,19.272264,-5.881301
0022158.jpg,-10.846869,7.573551
0465472.jpg,2.0009484,3.980012
0258153.jpg,-11.357965,0.34918952
0092841.jpg,-5.606774,-0.8756016
0049091.jpg,-9.225777,-3.2427294
0022674.jpg,-15.750501,4.1955905
0288203.jpg,3.0946856,4.6766515
0065088.jpg,-0.78442174,12.814515
0089038.jpg,11.619437,-4.2381315
0163745.jpg,-12.012897,5.0770574
0075467.jpg,10.492528,-11.255973
4118606.jpg,-2.467184,-8.419992
0254871.jpg,21.57966,-4.6131907
8611750.jpg,-1.7519537,3.5532222
0048475.jpg,-11.432972,-2.918949
2388986.jpg,8.986186,-9.614689
1609962.jpg,10.166622,5.918535
0165874.jpg,-12.868242,-3.6603339
0061758.jpg,-8.794626,12.7351465
2405792.jpg,-4.0439787,-5.1668534
0382937.jpg,1.6393086,5.5905604
0780548.jpg,12.785966,-6.234715
2027136.jpg,19.160482,2.5324333
2456338.jpg,-9.892355,7.0047164
2805676.jpg,12.886761,-9.946992
0056095.jpg,-4.0200405,15.779305
0074087.jpg,11.152239,-8.122233
0044389.jpg,-1.5716456,1.8085673
2153981.jpg,9.2010765,-5.9330716
0865561.jpg,-3.4255552,-4.8523707
0884138.jpg,10.777144,6.905056
0074529.jpg,-4.882907,15.358275
0091839.jpg,20.473162,-7.1242867
2893490.jpg,10.303518,7.036116
5121000.jpg,-4.0668364,-6.56332
0099464.jpg,-3.9150953,7.381161
0047187.jpg,-11.628549,-9.5087185
0053558.jpg,-4.5530763,-7.0850224
0113399.jpg,-2.3007014,18.013054
0061445.jpg,-14.559005,11.005633
0081040.jpg,-9.531644,6.3377275
0023495.jpg,-9.834934,6.090593
4141260.jpg,14.629349,-8.594241
0092123.jpg,3.4189105,16.057627
0048673.jpg,-11.348631,-6.3224363
3004852.jpg,-2.1531296,-10.670707
1152834.jpg,11.174273,-2.9662318
2304771.jpg,11.344624,-5.6420712
0039116.jpg,-12.335415,5.1526823
1194616.jpg,-7.5073576,-5.578221
6888938.jpg,3.224927,4.997809
1697064.jpg,6.1575813,-10.285208
1570594.jpg,-4.3563147,-8.907225
0039472.jpg,-6.317229,-5.256563
1675759.jpg,9.402127,-10.300466
0097416.jpg,-0.28855234,0.10252156
1294212.jpg,-1.9825675,14.418889
1986945.jpg,9.949787,-9.424563
0090856.jpg,1.7388667,8.253529
8400800.jpg,6.653551,-3.9977002
0910888.jpg,-7.4780936,-7.3718247
0299863.jpg,-11.010841,10.237504
7297578.jpg,11.446149,-7.068402
0063278.jpg,-3.1876237,15.42295
0023939.jpg,-3.7222161,-7.585821
7725596.jpg,-2.7155368,17.542356
0378112.jpg,9.113658,-15.506105
0112281.jpg,3.4626524,3.080895
0078503.jpg,13.239766,-6.3559365
0092925.jpg,0.08176682,5.9065905
1684915.jpg,5.0280137,-7.4781647
0456554.jpg,-6.320565,-3.9921448
5427450.jpg,13.98891,6.012085
1289403.jpg,-5.9573135,-6.8140855
1264904.jpg,-6.2603183,-4.4555454
0094061.jpg,-12.76078,4.3283896
0020062.jpg,-0.7344391,-6.4365635
1080930.jpg,-2.2870648,6.8585286
2436386.jpg,9.704865,6.813835
2720826.jpg,-13.195188,2.8854902
0043972.jpg,-7.1427093,-3.7155502
3444016.jpg,11.341836,-7.12533
0309820.jpg,-7.365979,5.4452085
1783792.jpg,-5.386412,3.9593658
3197176.jpg,-6.4954076,-13.6267805
0116619.jpg,12.443085,-7.261418
0120596.jpg,8.619376,-11.685306
0092281.jpg,14.185233,-11.166255
2265398.jpg,10.319815,-5.8430257
0094265.jpg,1.3895801,-3.054082
2155399.jpg,14.031609,-4.064345
1376168.jpg,12.157279,-10.984558
0096131.jpg,-9.617054,12.502449
0049120.jpg,-17.146769,6.3520446
0066144.jpg,-7.015634,7.7875357
0053946.jpg,-3.6288767,-2.1146066
6470762.jpg,-14.109356,5.094783
0089882.jpg,13.480247,-10.350383
4215858.jpg,10.538173,4.767109
3800576.jpg,-3.8850615,6.3307657
2085865.jpg,10.825929,-9.575113
2601260.jpg,11.490431,-12.721762
2103171.jpg,-10.503082,-9.014323
3627704.jpg,-4.4666724,-5.859995
1664704.jpg,-9.85367,-2.2178276
8506788.jpg,-4.4409757,-2.9923036
0108108.jpg,-5.671364,13.455867
1465495.jpg,-9.721817,-7.7092047
0029381.jpg,10.876284,-7.660114
0266821.jpg,14.23937,0.45177504
0094021.jpg,-3.3928282,11.972206
0034251.jpg,-9.872722,13.144049
0090424.jpg,9.362109,4.986157
0057598.jpg,-9.083345,4.0533357
1920996.jpg,15.336672,-9.879464
0063970.jpg,-5.3125997,-1.7089467
0267891.jpg,-0.9576988,-9.993315
0245712.jpg,12.221464,-6.7630515
0105791.jpg,13.6601095,7.2999153
6591616.jpg,-12.241509,3.3052762
0053716.jpg,-7.3821607,0.76186824
1163752.jpg,0.939783,1.9357781
0105019.jpg,1.7824148,8.718138
6021478.jpg,-4.996713,-4.4844446
0113732.jpg,15.21092,3.4202478
0072116.jpg,-2.8035948,-12.67459
0263238.jpg,7.2616997,-8.975944
1376717.jpg,3.8317742,5.3386827
0096953.jpg,-3.2281663,14.686509
0068805.jpg,-9.186704,12.4079685
0186820.jpg,4.6303034,0.4769363
3956754.jpg,-5.6071296,-8.034444
3920782.jpg,-12.489709,0.036588088
3983902.jpg,11.57011,8.222967
0289844.jpg,0.5970483,-0.64686453
0446125.jpg,-11.020662,-1.5411965
0040331.jpg,-9.147784,-2.2851446
0059719.jpg,17.169714,0.29732874
0106965.jpg,8.65748,0.967485
4027504.jpg,-3.9074085,-3.2233205
1147764.jpg,-2.0459871,16.472929
0120646.jpg,16.553795,6.242048
0089677.jpg,13.730962,1.2113409
1623008.jpg,2.646175,5.536386
1297456.jpg,15.790481,-8.340279
0305357.jpg,8.011191,-5.8988485
0248752.jpg,10.509872,5.4085727
1901033.jpg,1.6270232,-6.155072
1112756.jpg,20.684906,-6.717506
0063840.jpg,5.118869,4.692618
1404830.jpg,1.2362036,-9.322046
0089500.jpg,-2.2209427,19.188896
6673840.jpg,10.131144,-3.3209896
1841840.jpg,3.1016963,4.1020193
0068676.jpg,7.8242364,-2.89656
8695030.jpg,11.68482,-6.3835216
9082020.jpg,5.04266,8.645134
3531824.jpg,-4.115794,7.8128757
7268368.jpg,-12.416193,-1.5784812
5988966.jpg,-9.435265,-8.739039
1461249.jpg,10.671197,4.289201
0079486.jpg,-0.036262877,5.806486
1437361.jpg,-14.496643,10.996996
3962984.jpg,-6.499235,-6.1862817
0425600.jpg,-9.421304,-7.024568
3530830.jpg,20.064371,-3.5950906
0088891.jpg,-7.214313,-9.095615
0025163.jpg,-8.9879055,-4.4628677
4211516.jpg,-1.1877722,-4.0639024
3317522.jpg,-2.3951306,15.110466
0166789.jpg,-15.418904,-6.4616494
5278868.jpg,13.748514,-3.2912614
0266824.jpg,-9.544967,0.549856
0068817.jpg,9.5609665,5.54273
0118954.jpg,3.054459,-1.9217455
0380609.jpg,19.958645,-5.350688
1724982.jpg,11.580749,-7.3637195
0929864.jpg,-8.687027,-5.0510035
0111776.jpg,4.661875,0.83257306
0101272.jpg,4.0882444,4.162126
0065944.jpg,0.65151787,15.22489
